Juan,Perez,pollojperez@gmail.com,asd.456,3,2,2000,M
Juan,Perez,pollojperez@gmail.com,asd.456,3,2,2000,M
Juan,Perez,pollojperez@gmail.com,asd.456,3,2,2000,M
Juan,Perez,pollojperez@gmail.com,asd.456,3,2,2000,M
Juan,Perez,pollojperez@gmail.com,asd.456,3,2,2000,M
Juan,Perez,pollojperez@gmail.com,asd.456,3,2,2000,M
Juan,Perez,jperez@gmail.com,asd.456,3,2,2000,M
Juan,Perez,pollojperez@gmail.com,asd.456,3,2,2000,M
Juan,Perez,pollojperez@gmail.com,asd.456,3,2,2000,M
Juan,Perez,pollojperez@gmail.com,asd.456,3,2,2000,M
Juan,Perez,pollojperez@gmail.com,asd.456,3,2,2000,M
Juan,Perez,pollojperez@gmail.com,asd.456,3,2,2000,M
